-- phpMyAdmin SQL Dump
-- version 5.2.0
-- https://www.phpmyadmin.net/
--
-- Host: 127.0.0.1
-- Waktu pembuatan: 12 Jan 2023 pada 14.16
-- Versi server: 10.4.25-MariaDB
-- Versi PHP: 8.1.10

SET SQL_MODE = "NO_AUTO_VALUE_ON_ZERO";
START TRANSACTION;
SET time_zone = "+00:00";


/*!40101 SET @OLD_CHARACTER_SET_CLIENT=@@CHARACTER_SET_CLIENT */;
/*!40101 SET @OLD_CHARACTER_SET_RESULTS=@@CHARACTER_SET_RESULTS */;
/*!40101 SET @OLD_COLLATION_CONNECTION=@@COLLATION_CONNECTION */;
/*!40101 SET NAMES utf8mb4 */;

--
-- Database: `siswa`
--

-- --------------------------------------------------------

--
-- Struktur dari tabel `cluster`
--

CREATE TABLE `cluster` (
  `kode_cluster` int(11) NOT NULL,
  `kode_siswa` int(5) NOT NULL,
  `nilai_cluster` double NOT NULL,
  `jenis_cluster` text NOT NULL
) ENGINE=InnoDB DEFAULT CHARSET=utf8mb4;

--
-- Dumping data untuk tabel `cluster`
--

INSERT INTO `cluster` (`kode_cluster`, `kode_siswa`, `nilai_cluster`, `jenis_cluster`) VALUES
(1, 19200970, 84.281184733011, 'Berprestasi'),
(2, 54052644, 137.43355085277, 'Berprestasi'),
(3, 56113956, 94.728126597912, 'Tidak Berprestasi'),
(4, 44267205, 95.043308384915, 'Tidak Berprestasi'),
(5, 40142085, 95.043308384915, 'Tidak Berprestasi'),
(6, 69780557, 100.53330527119, 'Tidak Berprestasi'),
(7, 13990472, 84.347903945504, 'Berprestasi'),
(8, 17392241, 84.347903945504, 'Berprestasi'),
(9, 23390088, 89.57250118619, 'Cukup Berprestasi'),
(10, 61817234, 89.276847327569, 'Cukup Berprestasi'),
(11, 95953895, 100.22943913217, 'Tidak Berprestasi'),
(12, 98895560, 94.830667343165, 'Tidak Berprestasi'),
(13, 42200750, 95.153391787944, 'Tidak Berprestasi'),
(14, 34524583, 89.093641187236, 'Berprestasi'),
(15, 57660164, 155.57671066069, 'Berprestasi'),
(16, 48088043, 95.855257908734, 'Cukup Berprestasi'),
(17, 57161149, 89.146455166484, 'Cukup Berprestasi'),
(18, 26843849, 88.877179122371, 'Cukup Berprestasi'),
(19, 49884682, 102.90123857369, 'Berprestasi'),
(20, 61610021, 85.754398720999, 'Berprestasi'),
(21, 98203051, 169.45055001386, 'Berprestasi'),
(22, 74007106, 84.671181047627, 'Berprestasi'),
(23, 21608114, 88.937705551414, 'Cukup Berprestasi'),
(24, 20476227, 94.935730727424, 'Tidak Berprestasi'),
(25, 19418054, 84.21359094588, 'Berprestasi'),
(26, 87955641, 85.564086508301, 'Berprestasi'),
(27, 14138274, 169.78301711302, 'Berprestasi'),
(28, 73546383, 94.969642353491, 'Cukup Berprestasi'),
(29, 93187695, 88.259803810965, 'Cukup Berprestasi'),
(30, 26780728, 89.690972058229, 'Cukup Berprestasi'),
(31, 77224995, 92.056509275553, 'Berprestasi'),
(32, 75588390, 84.006583670567, 'Berprestasi'),
(33, 64021807, 141.03656582603, 'Berprestasi'),
(34, 51853931, 95.334715443798, 'Tidak Berprestasi'),
(35, 46559255, 89.57250118619, 'Cukup Berprestasi'),
(36, 82065259, 100.00378977194, 'Tidak Berprestasi'),
(37, 20111285, 81.814447716171, 'Cukup Berprestasi'),
(38, 26116483, 87.202643296859, 'Cukup Berprestasi'),
(39, 34985690, 81.911766300384, 'Berprestasi'),
(40, 31099602, 82.828338593975, 'Tidak Berprestasi'),
(41, 69165719, 82.764859728131, 'Tidak Berprestasi'),
(42, 11257992, 81.860043877789, 'Cukup Berprestasi'),
(43, 71399065, 82.011615105696, 'Cukup Berprestasi'),
(44, 77340544, 81.853806164854, 'Cukup Berprestasi'),
(45, 16876821, 82.251858341037, 'Berprestasi'),
(46, 80015627, 82.363039139796, 'Berprestasi'),
(47, 17914218, 81.781586720549, 'Cukup Berprestasi'),
(48, 39613491, 82.464357790607, 'Berprestasi'),
(49, 77156618, 82.907051985794, 'Tidak Berprestasi'),
(50, 14139116, 81.973761904748, 'Cukup Berprestasi'),
(51, 16936636, 122.70769855096, 'Cukup Berprestasi'),
(52, 28718809, 81.826446550623, 'Cukup Berprestasi'),
(53, 86025130, 81.874715495055, 'Berprestasi'),
(54, 45746890, 82.449105868098, 'Berprestasi'),
(55, 22349887, 86.790666866329, 'Cukup Berprestasi'),
(56, 64243735, 84.451415860341, 'Cukup Berprestasi'),
(57, 98558367, 87.639758985874, 'Cukup Berprestasi'),
(58, 89711591, 81.909185762312, 'Cukup Berprestasi'),
(59, 22885856, 82.104077631455, 'Berprestasi'),
(60, 35420545, 82.781237325771, 'Tidak Berprestasi'),
(61, 52965261, 81.757151706148, 'Cukup Berprestasi'),
(62, 13588554, 84.586006091614, 'Cukup Berprestasi'),
(63, 59415422, 122.70769855096, 'Cukup Berprestasi'),
(64, 82914197, 88.593076779089, 'Tidak Berprestasi'),
(65, 56362030, 82.972374543556, 'Tidak Berprestasi'),
(66, 38335010, 81.706909490255, 'Berprestasi'),
(67, 60363871, 86.882024678554, 'Cukup Berprestasi'),
(68, 50374208, 82.041240052718, 'Cukup Berprestasi'),
(69, 83328671, 105.7002547542, 'Cukup Berprestasi'),
(70, 43757307, 81.936102129238, 'Berprestasi'),
(71, 69852164, 82.251858341037, 'Berprestasi'),
(72, 12407600, 88.973713359481, 'Tidak Berprestasi');

-- --------------------------------------------------------

--
-- Struktur dari tabel `jurusan`
--

CREATE TABLE `jurusan` (
  `kode_jurusan` int(11) NOT NULL,
  `jurusan` text NOT NULL
) ENGINE=InnoDB DEFAULT CHARSET=utf8mb4;

--
-- Dumping data untuk tabel `jurusan`
--

INSERT INTO `jurusan` (`kode_jurusan`, `jurusan`) VALUES
(1234, 'AGROBISNIS');

-- --------------------------------------------------------

--
-- Struktur dari tabel `nilai`
--

CREATE TABLE `nilai` (
  `kode_nilai` int(11) NOT NULL,
  `kode_siswa` int(5) NOT NULL,
  `pengetahuan` double NOT NULL,
  `s_spiritual` double NOT NULL,
  `ekskul` double NOT NULL,
  `s_sosial` double NOT NULL,
  `presensi` double NOT NULL
) ENGINE=InnoDB DEFAULT CHARSET=utf8mb4;

--
-- Dumping data untuk tabel `nilai`
--

INSERT INTO `nilai` (`kode_nilai`, `kode_siswa`, `pengetahuan`, `s_spiritual`, `ekskul`, `s_sosial`, `presensi`) VALUES
(73, 19200970, 76.1, 86, 0, 80, 100),
(74, 54052644, 38.2, 46, 0, 0, 46),
(75, 56113956, 78.2, 80, 80, 80, 100),
(76, 44267205, 79.7, 80, 80, 80, 100),
(77, 40142085, 79.7, 80, 80, 80, 100),
(78, 69780557, 81.5, 80, 86, 80, 100),
(79, 13990472, 74.9, 80, 0, 80, 80),
(80, 17392241, 74.9, 80, 0, 80, 80),
(81, 23390088, 80, 80, 80, 80, 80),
(82, 61817234, 78.7, 80, 80, 80, 80),
(83, 95953895, 80.1, 80, 86, 80, 100),
(84, 98895560, 78.7, 80, 80, 80, 100),
(85, 42200750, 80.2, 80, 80, 80, 100),
(86, 34524583, 75.1, 80, 0, 80, 65),
(87, 57660164, 0, 80, 0, 46, 0),
(88, 48088043, 83.7, 80, 86, 80, 80),
(89, 57161149, 78.1, 80, 80, 80, 80),
(90, 26843849, 76.8, 80, 80, 80, 80),
(91, 49884682, 45.3, 46, 0, 46, 80),
(92, 61610021, 73.6, 80, 0, 65, 80),
(93, 98203051, 12.9, 46, 0, 0, 0),
(94, 74007106, 70.9, 80, 0, 80, 80),
(95, 21608114, 77.1, 80, 80, 80, 80),
(96, 20476227, 79.2, 80, 80, 80, 100),
(97, 19418054, 78.9, 80, 0, 80, 80),
(98, 87955641, 77.5, 80, 0, 65, 80),
(99, 14138274, 4, 80, 0, 0, 0),
(100, 73546383, 80, 80, 86, 80, 80),
(101, 93187695, 80.2, 80, 80, 80, 65),
(102, 26780728, 80.5, 80, 80, 80, 80),
(103, 77224995, 81.2, 65, 0, 46, 80),
(104, 75588390, 80.7, 80, 0, 80, 100),
(105, 64021807, 80, 0, 0, 0, 80),
(106, 51853931, 81, 80, 80, 80, 100),
(107, 46559255, 80, 80, 80, 80, 80),
(108, 82065259, 79, 80, 86, 80, 100),
(109, 20111285, 77.8, 0, 86, 86, 100),
(110, 26116483, 59.8, 0, 65, 86, 100),
(111, 34985690, 77.27, 80, 86, 86, 100),
(112, 31099602, 81.6, 80, 86, 86, 100),
(113, 69165719, 81.33, 80, 86, 86, 100),
(114, 11257992, 86.73, 0, 86, 86, 100),
(115, 71399065, 74.87, 0, 86, 86, 100),
(116, 77340544, 77.07, 0, 86, 86, 100),
(117, 16876821, 79, 80, 86, 86, 100),
(118, 80015627, 79.53, 80, 86, 86, 100),
(119, 17914218, 78.53, 0, 86, 86, 100),
(120, 39613491, 80, 80, 86, 86, 100),
(121, 77156618, 81.93, 80, 86, 86, 100),
(122, 14139116, 75.33, 0, 86, 86, 100),
(123, 16936636, 0, 0, 45, 86, 100),
(124, 28718809, 86.13, 0, 86, 86, 100),
(125, 86025130, 77.07, 80, 86, 86, 100),
(126, 45746890, 79.93, 80, 86, 86, 100),
(127, 22349887, 52.6, 0, 86, 86, 100),
(128, 64243735, 78.13, 0, 65, 86, 100),
(129, 98558367, 58.13, 0, 65, 86, 100),
(130, 89711591, 76.2, 0, 86, 86, 100),
(131, 22885856, 78.27, 80, 86, 86, 100),
(132, 35420545, 81.4, 80, 86, 86, 100),
(133, 52965261, 79.2, 0, 86, 86, 100),
(134, 13588554, 75.8, 0, 65, 86, 100),
(135, 59415422, 0, 0, 45, 86, 100),
(136, 82914197, 81.4, 86, 86, 86, 100),
(137, 56362030, 82.2, 80, 86, 86, 100),
(138, 38335010, 76.13, 80, 86, 86, 100),
(139, 60363871, 52.33, 0, 86, 86, 100),
(140, 50374208, 74.53, 0, 86, 86, 100),
(141, 83328671, 14.8, 0, 86, 86, 100),
(142, 43757307, 77.4, 80, 86, 86, 100),
(143, 69852164, 79, 80, 86, 86, 100),
(144, 12407600, 83.07, 86, 86, 86, 100);

-- --------------------------------------------------------

--
-- Struktur dari tabel `siswa`
--

CREATE TABLE `siswa` (
  `kode_siswa` int(11) NOT NULL,
  `nis` int(5) NOT NULL,
  `kode_jurusan` int(11) NOT NULL,
  `nama` text NOT NULL
) ENGINE=InnoDB DEFAULT CHARSET=utf8mb4;

--
-- Dumping data untuk tabel `siswa`
--

INSERT INTO `siswa` (`kode_siswa`, `nis`, `kode_jurusan`, `nama`) VALUES
(11257992, 3001, 1234, 'BELLA AZIZAH'),
(12407600, 7750, 1234, 'WANDA HAMIDAH'),
(13588554, 3880, 1234, 'OKTAVIANA SAVERA SANAU'),
(13990472, 1729, 1234, 'DAMAR TRI RESTU'),
(14138274, 2002, 1234, 'PUTRI APRIANI DIPA TANDI P.'),
(14139116, 1315, 1234, 'FINANSIUS RAJA MBASA'),
(16876821, 4273, 1234, 'DEWI MAULID SAHDIYA'),
(16936636, 2277, 1234, 'FIRDA AL MUJIDA'),
(17392241, 3866, 1234, 'DEWA SAMUDERA'),
(17914218, 5690, 1234, 'EKA PRASETIYO'),
(19200970, 1657, 1234, 'ADITYA RISKI ARJUNA'),
(19418054, 5218, 1234, 'NURMAYUNITA'),
(20111285, 1657, 1234, 'ADITYA RISKI ARJUNA'),
(20476227, 9098, 1234, 'MUHAMMAD SHOLEH K.'),
(21608114, 4895, 1234, 'MUHAMMAD AGUS RIYANTO'),
(22349887, 7870, 1234, 'IRVAN LAYUK MANGENDE'),
(22885856, 4895, 1234, 'MUHAMMAD AGUS RIYANTO'),
(23390088, 4273, 1234, 'DEWI MAULID SAHDIYA'),
(26116483, 4225, 1234, 'ANDRI SETIAWAN'),
(26780728, 2991, 1234, 'SONI ZAIDAL KHOIR'),
(26843849, 5099, 1234, 'INTAN SAFITRI'),
(28718809, 6045, 1234, 'GRACE LIDAN'),
(31099602, 5984, 1234, 'ASTRID RAMADHANI'),
(34524583, 1315, 1234, 'FINANSIUS RAJA MBASA'),
(34985690, 4178, 1234, 'ANISA PUTRI RAMADANI'),
(35420545, 9098, 1234, 'MUHAMMAD SHOLEH K.'),
(38335010, 2991, 1234, 'SONI ZAIDAL KHOIR'),
(39613491, 4937, 1234, 'ERIC MAHYANA'),
(40142085, 9436, 1234, 'AYU ERIKA SARI'),
(42200750, 7028, 1234, 'FATIM RAMADHANI'),
(43757307, 2805, 1234, 'VIONA ALFADILA'),
(44267205, 5984, 1234, 'ASTRID RAMADHANI'),
(45746890, 5099, 1234, 'INTAN SAFITRI'),
(46559255, 5191, 1234, 'VLADIMIR MENTEO KERAY'),
(48088043, 6045, 1234, 'GRACE LIDAN'),
(49884682, 7870, 1234, 'IRVAN LAYUK MANGENDE'),
(50374208, 9043, 1234, 'TRIWANTO IMANUEL LINTIN'),
(51853931, 2805, 1234, 'VIONA ALFADILA'),
(52965261, 5218, 1234, 'NURMAYUNITA'),
(54052644, 4225, 1234, 'ANDRI SETIAWAN'),
(56113956, 4178, 1234, 'ANISA PUTRI RAMADANI'),
(56362030, 6933, 1234, 'RATRI WIDIA NINGRUM'),
(57161149, 1696, 1234, 'IIS PUTRI SEPTIANINGSIH'),
(57660164, 2277, 1234, 'FIRDA AL MUJIDA'),
(59415422, 2002, 1234, 'PUTRI APRIANI DIPA TANDI P.'),
(60363871, 8492, 1234, 'TOPIK WALHIDAYAT'),
(61610021, 5720, 1234, 'JAINAL ARIFIN'),
(61817234, 1311, 1234, 'DINI PUSPITANINGTYAS'),
(64021807, 4442, 1234, 'VERI ARYANTO'),
(64243735, 5720, 1234, 'JAINAL ARIFIN'),
(69165719, 9436, 1234, 'AYU ERIKA SARI'),
(69780557, 3001, 1234, 'BELLA AZIZAH'),
(69852164, 5191, 1234, 'VLADIMIR MENTEO KERAY'),
(71399065, 1729, 1234, 'DAMAR TRI RESTU'),
(73546383, 1143, 1234, 'RATNA DEVITA SARI'),
(74007106, 9676, 1234, 'MUHAMMAD ABDUL ROHIM'),
(75588390, 9043, 1234, 'TRIWANTO IMANUEL LINTIN'),
(77156618, 7028, 1234, 'FATIM RAMADHANI'),
(77224995, 8492, 1234, 'TOPIK WALHIDAYAT'),
(77340544, 3866, 1234, 'DEWA SAMUDERA'),
(80015627, 1311, 1234, 'DINI PUSPITANINGTYAS'),
(82065259, 7750, 1234, 'WANDA HAMIDAH'),
(82914197, 1143, 1234, 'RATNA DEVITA SARI'),
(83328671, 4442, 1234, 'VERI ARYANTO'),
(86025130, 1696, 1234, 'IIS PUTRI SEPTIANINGSIH'),
(87955641, 3880, 1234, 'OKTAVIANA SAVERA SANAU'),
(89711591, 9676, 1234, 'MUHAMMAD ABDUL ROHIM'),
(93187695, 6933, 1234, 'RATRI WIDIA NINGRUM'),
(95953895, 5690, 1234, 'EKA PRASETIYO'),
(98203051, 6998, 1234, 'MEYLIANTI SYARIF'),
(98558367, 6998, 1234, 'MEYLIANTI SYARIF'),
(98895560, 4937, 1234, 'ERIC MAHYANA');

-- --------------------------------------------------------

--
-- Struktur dari tabel `thajaran_smt`
--

CREATE TABLE `thajaran_smt` (
  `kode_smt` int(11) NOT NULL,
  `kode_siswa` int(5) NOT NULL,
  `thajaran_smt` text NOT NULL
) ENGINE=InnoDB DEFAULT CHARSET=utf8mb4;

--
-- Dumping data untuk tabel `thajaran_smt`
--

INSERT INTO `thajaran_smt` (`kode_smt`, `kode_siswa`, `thajaran_smt`) VALUES
(73, 19200970, '2022/2023,GANJIL'),
(74, 54052644, '2022/2023,GANJIL'),
(75, 56113956, '2022/2023,GANJIL'),
(76, 44267205, '2022/2023,GANJIL'),
(77, 40142085, '2022/2023,GANJIL'),
(78, 69780557, '2022/2023,GANJIL'),
(79, 13990472, '2022/2023,GANJIL'),
(80, 17392241, '2022/2023,GANJIL'),
(81, 23390088, '2022/2023,GANJIL'),
(82, 61817234, '2022/2023,GANJIL'),
(83, 95953895, '2022/2023,GANJIL'),
(84, 98895560, '2022/2023,GANJIL'),
(85, 42200750, '2022/2023,GANJIL'),
(86, 34524583, '2022/2023,GANJIL'),
(87, 57660164, '2022/2023,GANJIL'),
(88, 48088043, '2022/2023,GANJIL'),
(89, 57161149, '2022/2023,GANJIL'),
(90, 26843849, '2022/2023,GANJIL'),
(91, 49884682, '2022/2023,GANJIL'),
(92, 61610021, '2022/2023,GANJIL'),
(93, 98203051, '2022/2023,GANJIL'),
(94, 74007106, '2022/2023,GANJIL'),
(95, 21608114, '2022/2023,GANJIL'),
(96, 20476227, '2022/2023,GANJIL'),
(97, 19418054, '2022/2023,GANJIL'),
(98, 87955641, '2022/2023,GANJIL'),
(99, 14138274, '2022/2023,GANJIL'),
(100, 73546383, '2022/2023,GANJIL'),
(101, 93187695, '2022/2023,GANJIL'),
(102, 26780728, '2022/2023,GANJIL'),
(103, 77224995, '2022/2023,GANJIL'),
(104, 75588390, '2022/2023,GANJIL'),
(105, 64021807, '2022/2023,GANJIL'),
(106, 51853931, '2022/2023,GANJIL'),
(107, 46559255, '2022/2023,GANJIL'),
(108, 82065259, '2022/2023,GANJIL'),
(109, 20111285, '2022/2023,GENAP'),
(110, 26116483, '2022/2023,GENAP'),
(111, 34985690, '2022/2023,GENAP'),
(112, 31099602, '2022/2023,GENAP'),
(113, 69165719, '2022/2023,GENAP'),
(114, 11257992, '2022/2023,GENAP'),
(115, 71399065, '2022/2023,GENAP'),
(116, 77340544, '2022/2023,GENAP'),
(117, 16876821, '2022/2023,GENAP'),
(118, 80015627, '2022/2023,GENAP'),
(119, 17914218, '2022/2023,GENAP'),
(120, 39613491, '2022/2023,GENAP'),
(121, 77156618, '2022/2023,GENAP'),
(122, 14139116, '2022/2023,GENAP'),
(123, 16936636, '2022/2023,GENAP'),
(124, 28718809, '2022/2023,GENAP'),
(125, 86025130, '2022/2023,GENAP'),
(126, 45746890, '2022/2023,GENAP'),
(127, 22349887, '2022/2023,GENAP'),
(128, 64243735, '2022/2023,GENAP'),
(129, 98558367, '2022/2023,GENAP'),
(130, 89711591, '2022/2023,GENAP'),
(131, 22885856, '2022/2023,GENAP'),
(132, 35420545, '2022/2023,GENAP'),
(133, 52965261, '2022/2023,GENAP'),
(134, 13588554, '2022/2023,GENAP'),
(135, 59415422, '2022/2023,GENAP'),
(136, 82914197, '2022/2023,GENAP'),
(137, 56362030, '2022/2023,GENAP'),
(138, 38335010, '2022/2023,GENAP'),
(139, 60363871, '2022/2023,GENAP'),
(140, 50374208, '2022/2023,GENAP'),
(141, 83328671, '2022/2023,GENAP'),
(142, 43757307, '2022/2023,GENAP'),
(143, 69852164, '2022/2023,GENAP'),
(144, 12407600, '2022/2023,GENAP');

--
-- Indexes for dumped tables
--

--
-- Indeks untuk tabel `cluster`
--
ALTER TABLE `cluster`
  ADD PRIMARY KEY (`kode_cluster`);

--
-- Indeks untuk tabel `jurusan`
--
ALTER TABLE `jurusan`
  ADD PRIMARY KEY (`kode_jurusan`);

--
-- Indeks untuk tabel `nilai`
--
ALTER TABLE `nilai`
  ADD PRIMARY KEY (`kode_nilai`);

--
-- Indeks untuk tabel `siswa`
--
ALTER TABLE `siswa`
  ADD PRIMARY KEY (`kode_siswa`);

--
-- Indeks untuk tabel `thajaran_smt`
--
ALTER TABLE `thajaran_smt`
  ADD PRIMARY KEY (`kode_smt`);

--
-- AUTO_INCREMENT untuk tabel yang dibuang
--

--
-- AUTO_INCREMENT untuk tabel `cluster`
--
ALTER TABLE `cluster`
  MODIFY `kode_cluster` int(11) NOT NULL AUTO_INCREMENT, AUTO_INCREMENT=73;

--
-- AUTO_INCREMENT untuk tabel `nilai`
--
ALTER TABLE `nilai`
  MODIFY `kode_nilai` int(11) NOT NULL AUTO_INCREMENT, AUTO_INCREMENT=145;

--
-- AUTO_INCREMENT untuk tabel `thajaran_smt`
--
ALTER TABLE `thajaran_smt`
  MODIFY `kode_smt` int(11) NOT NULL AUTO_INCREMENT, AUTO_INCREMENT=145;
COMMIT;

/*!40101 SET CHARACTER_SET_CLIENT=@OLD_CHARACTER_SET_CLIENT */;
/*!40101 SET CHARACTER_SET_RESULTS=@OLD_CHARACTER_SET_RESULTS */;
/*!40101 SET COLLATION_CONNECTION=@OLD_COLLATION_CONNECTION */;
